EventID,EventDate,X,Y,Z,ZoneID,PlumeID,SuperPlume,spatialdist
267435-2018,12/13/2018 0:00:00,2535244.68873811,6995840.012587929,346,47262,2209,2210,549.8432613102075
259843-2018,12/3/2018 0:00:00,2535334.65082853,6995888.04037902,336,47295,2209,2210,538.1813423125382
006273-2019,1/8/2019 0:00:00,2534943.1483306894,6996104.63738677,372,47386,2209,2210,540.707561998135
006276-2019,1/9/2019 0:00:00,2534943.1483306894,6996104.63738677,373,47386,2209,2210,540.707561998135
263831-2018,12/8/2018 0:00:00,2535175.34143586,6996345.652652768,341,47672,2209,2210,546.7852945670285
009154-2019,1/13/2019 0:00:00,2535175.34143586,6996345.652652768,377,47672,2209,2210,546.7852945670285
008937-2019,1/12/2019 0:00:00,2535348.89062944,6996369.26907535,376,47672,2209,2210,546.7852945670285
000735-2019,1/2/2019 0:00:00,2534707.60779127,6996408.58461352,366,47698,2209,2210,543.3583256227262
270178-2018,12/13/2018 0:00:00,2534853.4129458694,6996559.67781527,346,47698,2209,2210,543.3583256227262
272311-2018,12/20/2018 0:00:00,2534546.7610001094,6996443.7403831,353,47856,2209,2210,548.2507944265299
249600-2018,11/16/2018 0:00:00,2534804.54198061,6996508.93710311,319,47698,2209,2210,543.3583256227262
260459-2018,12/2/2018 0:00:00,2534901.96665452,6996610.04582477,335,47698,2209,2210,543.3583256227262
025109-2019,2/5/2019 0:00:00,2534734.45025727,6996637.3620431,400,47856,2209,2210,548.2507944265299
020004-2019,1/28/2019 0:00:00,2534734.45025727,6996637.3620431,392,47856,2209,2210,548.2507944265299
020003-2019,1/29/2019 0:00:00,2534734.45025727,6996637.3620431,393,47856,2209,2210,548.2507944265299
012689-2019,1/19/2019 0:00:00,2535721.0657381094,6996590.16430286,383,47613,2209,2210,541.1764902178417
017767-2019,1/26/2019 0:00:00,2535721.3885721094,6996749.66201535,390,47672,2209,2210,546.7852945670285
013512-2019,1/19/2019 0:00:00,2535559.07262377,6997034.65324327,383,48108,2209,2210,556.2584949257931
278163-2018,12/29/2018 0:00:00,2536193.79215486,6996733.384160769,362,47766,2209,2210,543.8337102845719
008540-2019,1/13/2019 0:00:00,2535900.82981427,6997186.59355618,377,48018,2209,2210,553.8999044098732
268788-2018,12/16/2018 0:00:00,2536656.99398436,6997016.5246706,349,48046,2209,2210,565.7245978552288
008672-2019,1/7/2019 0:00:00,2536330.71904635,6996812.21143094,371,47766,2209,2210,543.8337102845719
268863-2018,12/16/2018 0:00:00,2535996.573061109,6997285.465733768,349,48018,2209,2210,553.8999044098732
271103-2018,12/18/2018 0:00:00,2536158.66230386,6997453.08383685,351,48018,2209,2210,553.8999044098732
008679-2019,1/13/2019 0:00:00,2536696.597251609,6997085.891001689,377,48046,2209,2210,565.7245978552288
258357-2018,11/30/2018 0:00:00,2536111.328737109,6997819.57588603,333,48190,2209,2210,552.6434936004981
279073-2018,12/30/2018 0:00:00,2536473.7358207,6997889.15645552,363,48250,2209,2210,544.6495848275396
012007-2019,1/17/2019 0:00:00,2536581.6352112,6997350.50792652,381,48018,2209,2210,553.8999044098732
251563-2018,11/9/2018 0:00:00,2536197.94601794,6997972.32754903,312,48250,2209,2210,544.6495848275396
266461-2018,12/12/2018 0:00:00,2536731.00499119,6997982.07818569,345,48347,2209,2210,556.8637586838445
006386-2019,1/9/2019 0:00:00,2536544.07688735,6998289.44830585,373,48509,2209,2210,273.3906949841253
005419-2019,1/8/2019 0:00:00,2536661.55171803,6998391.86312728,372,48509,2209,2210,273.3906949841253
250228-2018,11/19/2018 0:00:00,2536270.4445606,6997820.90692011,322,48190,2209,2210,552.6434936004981
234883-2018,10/26/2018 0:00:00,2536158.66230386,6997453.08383685,298,48018,2209,2210,553.8999044098732
234896-2018,10/26/2018 0:00:00,2536314.07931586,6997462.08185035,298,48018,2209,2210,553.8999044098732
235621-2018,10/28/2018 0:00:00,2535995.276475769,6998441.24393402,300,49022,2209,2210,281.8030636536732
249761-2018,11/18/2018 0:00:00,2535995.276475769,6998441.24393402,321,49022,2209,2210,281.8030636536732
246919-2018,11/14/2018 0:00:00,2536022.4703190294,6998469.7028666,317,49022,2209,2210,281.8030636536732
257770-2018,11/30/2018 0:00:00,2536022.4703190294,6998469.7028666,333,49022,2209,2210,281.8030636536732
252932-2018,11/23/2018 0:00:00,2536022.4703190294,6998469.7028666,326,49022,2209,2210,281.8030636536732
251504-2018,11/21/2018 0:00:00,2536649.04911835,6998397.40609519,324,48509,2209,2210,273.3906949841253
251331-2018,11/20/2018 0:00:00,2536536.518503529,6998447.259013848,323,48479,2209,2210,255.22403687986568
006086-2019,1/9/2019 0:00:00,2536752.7785697,6998395.17414427,373,48548,2209,2210,275.72104672378794
270955-2018,12/13/2018 0:00:00,2536840.29939203,6998356.4058491,346,48548,2209,2210,275.72104672378794
018213-2019,1/27/2019 0:00:00,2536627.74437094,6998450.59627752,391,48524,2209,2210,250.62650060402768
016016-2019,1/24/2019 0:00:00,2536819.47897,6998332.98637,388,48395,2209,2210,255.32093542325956
006974-2019,1/11/2019 0:00:00,2536890.32028936,6998334.25923985,375,48437,2209,2210,250.62648635946255
275153-2018,12/25/2018 0:00:00,2536022.4703190294,6998469.7028666,358,49022,2209,2210,281.8030636536732
234594-2018,10/26/2018 0:00:00,2536890.32028936,6998334.25923985,298,48437,2209,2210,250.62648635946255
260251-2018,11/16/2018 0:00:00,2536338.43162936,6998593.31383985,319,48597,2209,2210,257.91185909040297
032262-2019,2/16/2019 0:00:00,2536890.32028936,6998334.25923985,411,48437,2209,2210,250.62648635946255
197644-2018,9/2/2018 0:00:00,2536022.4703190294,6998469.7028666,244,49022,2209,2210,281.8030636536732
008698-2019,1/13/2019 0:00:00,2536022.4703190294,6998469.7028666,377,49022,2209,2210,281.8030636536732
225750-2018,10/13/2018 0:00:00,2536677.76329978,6998428.43063943,285,48548,2209,2210,275.72104672378794
230567-2018,10/20/2018 0:00:00,2536775.634167029,6997870.39960326,292,48347,2209,2210,556.8637586838445
178300-2018,8/12/2018 0:00:00,2536022.4703190294,6998469.7028666,223,49022,2209,2210,281.8030636536732
207854-2018,9/18/2018 0:00:00,2536824.10585485,6998319.83046293,260,48395,2209,2210,255.32093542325956
248759-2018,11/17/2018 0:00:00,2537291.15052,6997983.72221,320,48290,2209,2210,250.33335587520892
233712-2018,10/17/2018 0:00:00,2537291.15052,6997983.72221,289,48290,2209,2210,250.33335587520892
239326-2018,11/2/2018 0:00:00,2537380.12836486,6998104.64749435,305,48548,2209,2210,275.72104672378794
265391-2018,11/15/2018 0:00:00,2537441.77391,6997870.77788,318,48219,2209,2210,259.524673239591
212911-2018,9/24/2018 0:00:00,2537442.1095401,6997826.29306419,266,48192,2209,2210,266.89506566950894
207314-2018,9/17/2018 0:00:00,2537461.48778,6997800.70552,259,48219,2209,2210,259.524673239591
242288-2018,11/7/2018 0:00:00,2537423.90288,6998373.32019,310,48438,2209,2210,262.2264704072141
260208-2018,11/30/2018 0:00:00,2537423.90288,6998373.32019,333,48438,2209,2210,262.2264704072141
223462-2018,10/10/2018 0:00:00,2537423.904195949,6998373.32182577,282,48438,2209,2210,262.2264704072141
220933-2018,10/6/2018 0:00:00,2537423.904195949,6998373.32182577,278,48438,2209,2210,262.2264704072141
241240-2018,11/5/2018 0:00:00,2537423.904195949,6998373.32182577,308,48438,2209,2210,262.2264704072141
244270-2018,11/10/2018 0:00:00,2537423.904195949,6998373.32182577,313,48438,2209,2210,262.2264704072141
249663-2018,11/18/2018 0:00:00,2537423.904195949,6998373.32182577,321,48438,2209,2210,262.2264704072141
254191-2018,11/25/2018 0:00:00,2537423.904195949,6998373.32182577,328,48438,2209,2210,262.2264704072141
244534-2018,11/10/2018 0:00:00,2537423.904195949,6998373.32182577,313,48438,2209,2210,262.2264704072141
250216-2018,11/13/2018 0:00:00,2537423.904195949,6998373.32182577,316,48438,2209,2210,262.2264704072141
249179-2018,11/17/2018 0:00:00,2537423.904195949,6998373.32182577,320,48438,2209,2210,262.2264704072141
227843-2018,10/16/2018 0:00:00,2537423.904195949,6998373.32182577,288,48438,2209,2210,262.2264704072141
245521-2018,11/12/2018 0:00:00,2537561.74644,6997663.57718,315,48192,2209,2210,266.89506566950894
206448-2018,9/16/2018 0:00:00,2537594.434366689,6997673.36981361,258,48219,2209,2210,259.524673239591
260683-2018,12/4/2018 0:00:00,2537423.904195949,6998373.32182577,337,48438,2209,2210,262.2264704072141
266071-2018,12/3/2018 0:00:00,2537423.904195949,6998373.32182577,336,48438,2209,2210,262.2264704072141
274353-2018,12/23/2018 0:00:00,2537423.904195949,6998373.32182577,356,48438,2209,2210,262.2264704072141
212035-2018,9/24/2018 0:00:00,2537423.904195949,6998373.32182577,266,48438,2209,2210,262.2264704072141
217384-2018,10/2/2018 0:00:00,2537423.904195949,6998373.32182577,274,48438,2209,2210,262.2264704072141
216633-2018,10/1/2018 0:00:00,2537423.904195949,6998373.32182577,273,48438,2209,2210,262.2264704072141
206232-2018,9/16/2018 0:00:00,2537423.904195949,6998373.32182577,258,48438,2209,2210,262.2264704072141
206861-2018,9/16/2018 0:00:00,2537423.904195949,6998373.32182577,258,48438,2209,2210,262.2264704072141
200117-2018,9/8/2018 0:00:00,2537423.904195949,6998373.32182577,250,48438,2209,2210,262.2264704072141
169513-2018,8/1/2018 0:00:00,2537446.25520112,6997811.98403768,212,48192,2209,2210,266.89506566950894
181023-2018,8/15/2018 0:00:00,2537291.15216486,6997983.72286743,226,48290,2209,2210,250.33335587520892
015978-2019,1/13/2019 0:00:00,2537423.90303,6998373.32019,377,48438,2209,2210,262.2264704072141
013104-2019,1/19/2019 0:00:00,2537423.904195949,6998373.32182577,383,48438,2209,2210,262.2264704072141
004285-2019,1/6/2019 0:00:00,2537423.904195949,6998373.32182577,370,48438,2209,2210,262.2264704072141
007430-2019,1/11/2019 0:00:00,2537423.904195949,6998373.32182577,375,48438,2209,2210,262.2264704072141
014299-2019,1/21/2019 0:00:00,2537423.904195949,6998373.32182577,385,48438,2209,2210,262.2264704072141
191674-2018,8/27/2018 0:00:00,2537423.90288,6998373.32019,238,48438,2209,2210,262.2264704072141
190538-2018,8/27/2018 0:00:00,2537423.904195949,6998373.32182577,238,48438,2209,2210,262.2264704072141
192401-2018,8/30/2018 0:00:00,2537423.904195949,6998373.32182577,241,48438,2209,2210,262.2264704072141
187487-2018,8/23/2018 0:00:00,2537423.90288,6998373.32019,234,48438,2209,2210,262.2264704072141
186019-2018,8/22/2018 0:00:00,2537423.904195949,6998373.32182577,233,48438,2209,2210,262.2264704072141
177785-2018,8/12/2018 0:00:00,2537423.904195949,6998373.32182577,223,48438,2209,2210,262.2264704072141
179755-2018,8/14/2018 0:00:00,2537423.904195949,6998373.32182577,225,48438,2209,2210,262.2264704072141
183655-2018,8/18/2018 0:00:00,2537423.904195949,6998373.32182577,229,48438,2209,2210,262.2264704072141
273897-2018,12/22/2018 0:00:00,2537561.74644,6997663.57718,355,48192,2209,2210,266.89506566950894
171345-2018,8/4/2018 0:00:00,2537688.2534,6997537.23688,215,48192,2209,2210,266.89506566950894
020799-2019,1/24/2019 0:00:00,2537423.90303,6998373.32019,388,48438,2209,2210,262.2264704072141
015174-2019,1/23/2019 0:00:00,2537423.904195949,6998373.32182577,387,48438,2209,2210,262.2264704072141
014682-2019,1/22/2019 0:00:00,2537423.904195949,6998373.32182577,386,48438,2209,2210,262.2264704072141
021114-2019,1/31/2019 0:00:00,2537423.904195949,6998373.32182577,395,48438,2209,2210,262.2264704072141
031727-2019,2/15/2019 0:00:00,2537423.904195949,6998373.32182577,410,48438,2209,2210,262.2264704072141
030627-2019,2/14/2019 0:00:00,2537423.904195949,6998373.32182577,409,48438,2209,2210,262.2264704072141
172457-2018,8/3/2018 0:00:00,2537423.904195949,6998373.32182577,214,48438,2209,2210,262.2264704072141
174704-2018,8/7/2018 0:00:00,2537423.904195949,6998373.32182577,218,48438,2209,2210,262.2264704072141
162567-2018,7/25/2018 0:00:00,2537423.904195949,6998373.32182577,205,48438,2209,2210,262.2264704072141
160447-2018,7/20/2018 0:00:00,2537423.904195949,6998373.32182577,200,48438,2209,2210,262.2264704072141
157357-2018,7/17/2018 0:00:00,2537423.904195949,6998373.32182577,197,48438,2209,2210,262.2264704072141
009911-2019,1/15/2019 0:00:00,2537621.20760711,6997647.2261651,379,48219,2209,2210,259.524673239591
177635-2018,8/7/2018 0:00:00,2537682.93418969,6997585.00680135,218,48219,2209,2210,259.524673239591
035106-2019,2/20/2019 0:00:00,2537423.904195949,6998373.32182577,415,48438,2209,2210,262.2264704072141
040982-2019,2/25/2019 0:00:00,2537423.904195949,6998373.32182577,420,48438,2209,2210,262.2264704072141
149889-2018,7/9/2018 0:00:00,2537423.904195949,6998373.32182577,189,48438,2209,2210,262.2264704072141
153450-2018,7/13/2018 0:00:00,2537423.904195949,6998373.32182577,193,48438,2209,2210,262.2264704072141
141935-2018,6/30/2018 0:00:00,2537423.904195949,6998373.32182577,180,48438,2209,2210,262.2264704072141
139860-2018,6/27/2018 0:00:00,2537423.904195949,6998373.32182577,177,48438,2209,2210,262.2264704072141
137699-2018,6/24/2018 0:00:00,2537423.904195949,6998373.32182577,174,48438,2209,2210,262.2264704072141
138366-2018,6/26/2018 0:00:00,2537423.904195949,6998373.32182577,176,48438,2209,2210,262.2264704072141
014974-2019,1/22/2019 0:00:00,2537548.63983886,6997662.17954727,386,48192,2209,2210,266.89506566950894
061946-2019,3/29/2019 0:00:00,2537423.904195949,6998373.32182577,452,48438,2209,2210,262.2264704072141
061982-2019,3/29/2019 0:00:00,2537423.904195949,6998373.32182577,452,48438,2209,2210,262.2264704072141
118267-2018,6/2/2018 0:00:00,2537423.904195949,6998373.32182577,152,48438,2209,2210,262.2264704072141
118520-2018,6/2/2018 0:00:00,2537423.904195949,6998373.32182577,152,48438,2209,2210,262.2264704072141
121472-2018,6/5/2018 0:00:00,2537423.904195949,6998373.32182577,155,48438,2209,2210,262.2264704072141
121348-2018,6/5/2018 0:00:00,2537423.904195949,6998373.32182577,155,48438,2209,2210,262.2264704072141
115920-2018,5/30/2018 0:00:00,2537423.904195949,6998373.32182577,149,48438,2209,2210,262.2264704072141
113339-2018,5/27/2018 0:00:00,2537423.904195949,6998373.32182577,146,48438,2209,2210,262.2264704072141
033342-2019,2/16/2019 0:00:00,2537513.2708151,6997699.3599191,411,48192,2209,2210,266.89506566950894
026265-2019,2/6/2019 0:00:00,2537453.08297,6997824.28716,401,48219,2209,2210,259.524673239591
082251-2019,4/25/2019 0:00:00,2537423.904195949,6998373.32182577,479,48438,2209,2210,262.2264704072141
080714-2019,4/19/2019 0:00:00,2537423.904195949,6998373.32182577,473,48438,2209,2210,262.2264704072141
077293-2019,4/19/2019 0:00:00,2537423.904195949,6998373.32182577,473,48438,2209,2210,262.2264704072141
091044-2019,5/7/2019 0:00:00,2537423.904195949,6998373.32182577,491,48438,2209,2210,262.2264704072141
110996-2018,5/24/2018 0:00:00,2537423.904195949,6998373.32182577,143,48438,2209,2210,262.2264704072141
115889-2018,5/24/2018 0:00:00,2537423.904195949,6998373.32182577,143,48438,2209,2210,262.2264704072141
100561-2018,5/11/2018 0:00:00,2537423.90288,6998373.32019,130,48438,2209,2210,262.2264704072141
092258-2018,5/1/2018 0:00:00,2537423.904195949,6998373.32182577,120,48438,2209,2210,262.2264704072141
047519-2019,3/8/2019 0:00:00,2537639.036639689,6997629.30920619,431,48219,2209,2210,259.524673239591
048874-2019,3/10/2019 0:00:00,2537291.15216486,6997983.72286743,433,48290,2209,2210,250.33335587520892
100329-2019,5/19/2019 0:00:00,2537423.904195949,6998373.32182577,503,48438,2209,2210,262.2264704072141
107562-2019,5/29/2019 0:00:00,2537334.04742028,6998159.39147936,513,48548,2209,2210,275.72104672378794
087646-2018,4/26/2018 0:00:00,2537423.904195949,6998373.32182577,115,48438,2209,2210,262.2264704072141
085094-2018,4/22/2018 0:00:00,2537423.904195949,6998373.32182577,111,48438,2209,2210,262.2264704072141
085522-2018,4/23/2018 0:00:00,2537423.904195949,6998373.32182577,112,48438,2209,2210,262.2264704072141
088103-2018,4/26/2018 0:00:00,2537423.904195949,6998373.32182577,115,48438,2209,2210,262.2264704072141
119502-2019,6/12/2019 0:00:00,2537423.904195949,6998373.32182577,527,48438,2209,2210,262.2264704072141
126904-2019,6/23/2019 0:00:00,2537423.904195949,6998373.32182577,538,48438,2209,2210,262.2264704072141
123996-2019,6/20/2019 0:00:00,2537423.904195949,6998373.32182577,535,48438,2209,2210,262.2264704072141
089179-2019,5/5/2019 0:00:00,2537291.15216486,6997983.72286743,489,48290,2209,2210,250.33335587520892
090726-2019,5/7/2019 0:00:00,2537291.15216486,6997983.72286743,491,48290,2209,2210,250.33335587520892
066748-2018,3/30/2018 0:00:00,2537423.904195949,6998373.32182577,88,48438,2209,2210,262.2264704072141
058943-2018,3/20/2018 0:00:00,2537423.90288,6998373.32019,78,48438,2209,2210,262.2264704072141
051748-2018,3/11/2018 0:00:00,2537423.904195949,6998373.32182577,69,48438,2209,2210,262.2264704072141
048973-2018,3/7/2018 0:00:00,2537342.0287035294,6998151.30652177,65,48548,2209,2210,275.72104672378794
074207-2019,4/14/2019 0:00:00,2537630.25745778,6997638.16975278,468,48219,2209,2210,259.524673239591
063617-2019,3/31/2019 0:00:00,2537409.96984062,6997957.15500718,454,48290,2209,2210,250.33335587520892
133657-2019,7/2/2019 0:00:00,2537423.90303,6998373.32019,547,48438,2209,2210,262.2264704072141
134282-2019,7/3/2019 0:00:00,2537423.904195949,6998373.32182577,548,48438,2209,2210,262.2264704072141
118710-2019,6/12/2019 0:00:00,2537439.07476927,6997838.39179327,527,48192,2209,2210,266.89506566950894
125552-2019,6/17/2019 0:00:00,2537430.32084978,6997875.059370848,532,48192,2209,2210,266.89506566950894
045542-2018,3/3/2018 0:00:00,2537423.904195949,6998373.32182577,61,48438,2209,2210,262.2264704072141
044811-2018,3/2/2018 0:00:00,2537423.904195949,6998373.32182577,60,48438,2209,2210,262.2264704072141
038072-2018,2/21/2018 0:00:00,2537423.904195949,6998373.32182577,51,48438,2209,2210,262.2264704072141
033604-2018,2/15/2018 0:00:00,2537423.904195949,6998373.32182577,45,48438,2209,2210,262.2264704072141
035899-2018,2/18/2018 0:00:00,2537291.15216486,6997983.72286743,48,48290,2209,2210,250.33335587520892
069386-2018,4/3/2018 0:00:00,2537291.15216486,6997983.72286743,92,48290,2209,2210,250.33335587520892
023760-2018,2/1/2018 0:00:00,2537423.904195949,6998373.32182577,31,48438,2209,2210,262.2264704072141
020096-2018,1/27/2018 0:00:00,2537423.904195949,6998373.32182577,26,48438,2209,2210,262.2264704072141
018711-2018,1/25/2018 0:00:00,2537328.11371,6998150.94104,24,48548,2209,2210,275.72104672378794
015143-2018,1/21/2018 0:00:00,2537291.15216486,6997983.72286743,20,48290,2209,2210,250.33335587520892
042565-2018,2/27/2018 0:00:00,2537393.06206603,6998085.96610127,57,48548,2209,2210,275.72104672378794
049140-2018,3/8/2018 0:00:00,2537433.20503037,6997862.901258688,66,48192,2209,2210,266.89506566950894
049116-2018,3/7/2018 0:00:00,2537433.20503037,6997862.901258688,65,48192,2209,2210,266.89506566950894
023682-2018,1/15/2018 0:00:00,2537423.904195949,6998373.32182577,14,48438,2209,2210,262.2264704072141
004986-2018,1/5/2018 0:00:00,2537423.904195949,6998373.32182577,4,48438,2209,2210,262.2264704072141
034179-2018,2/16/2018 0:00:00,2537557.56436169,6997653.46532585,46,48192,2209,2210,266.89506566950894
001380-2018,1/2/2018 0:00:00,2537691.7136997,6997576.14625476,1,48219,2209,2210,259.524673239591
017379-2018,1/24/2018 0:00:00,2537665.37516969,6997602.72756644,23,48219,2209,2210,259.524673239591
046891-2018,3/2/2018 0:00:00,2537698.417754529,6997512.55025335,60,48015,2209,2210,275.6755673709943
067020-2018,3/30/2018 0:00:00,2537682.93418969,6997585.00680135,88,48219,2209,2210,259.524673239591
009198-2022,1/14/2022 0:00:00,2537423.90288,6998373.32019,1474,48438,4693,2210,262.2264704072141
226386-2021,12/15/2021 0:00:00,2537423.90288,6998373.32019,1444,48438,4693,2210,262.2264704072141
016150-2022,1/26/2022 0:00:00,2537423.90288,6998373.32019,1486,48438,4693,2210,262.2264704072141
800069-2022,12/20/2021 0:00:00,2537423.90288,6998373.32019,1449,48438,4693,2210,262.2264704072141
031628-2022,2/18/2022 0:00:00,2537423.90288,6998373.32019,1509,48438,4693,2210,262.2264704072141
025016-2022,2/10/2022 0:00:00,2537423.90288,6998373.32019,1501,48438,4693,2210,262.2264704072141
024010-2022,2/8/2022 0:00:00,2537423.90288,6998373.32019,1499,48438,4693,2210,262.2264704072141
802765-2022,2/7/2022 0:00:00,2537423.90288,6998373.32019,1498,48438,4693,2210,262.2264704072141
033959-2022,2/21/2022 0:00:00,2537328.11371,6998150.94104,1512,48548,4693,2210,275.72104672378794
216724-2021,12/1/2021 0:00:00,2537423.90288,6998373.32019,1430,48438,4693,2210,262.2264704072141
215920-2021,11/29/2021 0:00:00,2537423.90288,6998373.32019,1428,48438,4693,2210,262.2264704072141
220971-2021,11/21/2021 0:00:00,2537423.90288,6998373.32019,1420,48438,4693,2210,262.2264704072141
037063-2022,3/1/2022 0:00:00,2537423.90288,6998373.32019,1520,48438,4693,2210,262.2264704072141
034113-2022,2/24/2022 0:00:00,2537357.39449,6998117.80265,1515,48548,4693,2210,275.72104672378794
049274-2022,3/21/2022 0:00:00,2537291.15052,6997983.72221,1540,48290,4693,2210,250.33335587520892
131794-2022,2/1/2022 0:00:00,2537291.15052,6997983.72221,1492,48290,4693,2210,250.33335587520892
049275-2022,3/21/2022 0:00:00,2537291.15052,6997983.72221,1540,48290,4693,2210,250.33335587520892
015588-2022,1/25/2022 0:00:00,2537291.15052,6997983.72221,1485,48290,4693,2210,250.33335587520892
195768-2021,10/28/2021 0:00:00,2537423.90288,6998373.32019,1396,48438,4693,2210,262.2264704072141
189671-2021,10/18/2021 0:00:00,2537423.90288,6998373.32019,1386,48438,4693,2210,262.2264704072141
189499-2021,10/16/2021 0:00:00,2537423.90288,6998373.32019,1384,48438,4693,2210,262.2264704072141
193535-2021,10/24/2021 0:00:00,2537423.90303,6998373.32019,1392,48438,4693,2210,262.2264704072141
053463-2022,3/27/2022 0:00:00,2537423.90288,6998373.32019,1546,48438,4693,2210,262.2264704072141
055228-2022,3/26/2022 0:00:00,2537423.90288,6998373.32019,1545,48438,4693,2210,262.2264704072141
050546-2022,3/23/2022 0:00:00,2537423.90288,6998373.32019,1542,48438,4693,2210,262.2264704072141
060242-2022,4/6/2022 0:00:00,2537423.90288,6998373.32019,1556,48438,4693,2210,262.2264704072141
058581-2022,4/4/2022 0:00:00,2537291.15052,6997983.72221,1554,48290,4693,2210,250.33335587520892
053229-2022,3/27/2022 0:00:00,2537453.08327,6997824.28716,1546,48219,4693,2210,259.524673239591
065984-2022,4/11/2022 0:00:00,2537444.5285,6997859.16964,1561,48219,4693,2210,259.524673239591
184194-2021,10/10/2021 0:00:00,2537423.90288,6998373.32019,1378,48438,4693,2210,262.2264704072141
186274-2021,10/1/2021 0:00:00,2537423.90303,6998373.32019,1369,48438,4693,2210,262.2264704072141
171624-2021,9/20/2021 0:00:00,2537423.90288,6998373.32019,1358,48438,4693,2210,262.2264704072141
071007-2022,4/22/2022 0:00:00,2537423.90288,6998373.32019,1572,48438,4693,2210,262.2264704072141
063499-2022,4/11/2022 0:00:00,2537423.90288,6998373.32019,1561,48438,4693,2210,262.2264704072141
067681-2022,4/12/2022 0:00:00,2537423.90288,6998373.32019,1562,48438,4693,2210,262.2264704072141
068259-2022,4/17/2022 0:00:00,2537423.90288,6998373.32019,1567,48438,4693,2210,262.2264704072141
073989-2022,4/21/2022 0:00:00,2537423.90288,6998373.32019,1571,48438,4693,2210,262.2264704072141
072678-2022,4/25/2022 0:00:00,2537423.90321,6998373.32211,1575,48438,4693,2210,262.2264704072141
075638-2022,4/30/2022 0:00:00,2537291.15052,6997983.72221,1580,48290,4693,2210,250.33335587520892
175922-2021,9/10/2021 0:00:00,2537423.90288,6998373.32019,1348,48438,4693,2210,262.2264704072141
159581-2021,9/3/2021 0:00:00,2537423.90303,6998373.32019,1341,48438,4693,2210,262.2264704072141
159444-2021,9/3/2021 0:00:00,2537423.90303,6998373.32019,1341,48438,4693,2210,262.2264704072141
158406-2021,8/31/2021 0:00:00,2537423.90303,6998373.32019,1338,48438,4693,2210,262.2264704072141
080862-2022,5/7/2022 0:00:00,2537423.90288,6998373.32019,1587,48438,4693,2210,262.2264704072141
088231-2022,5/18/2022 0:00:00,2537423.90288,6998373.32019,1598,48438,4693,2210,262.2264704072141
082521-2022,5/10/2022 0:00:00,2537423.90288,6998373.32019,1590,48438,4693,2210,262.2264704072141
084636-2022,5/13/2022 0:00:00,2537423.90288,6998373.32019,1593,48438,4693,2210,262.2264704072141
090143-2022,5/21/2022 0:00:00,2537328.11371,6998150.94104,1601,48548,4693,2210,275.72104672378794
086910-2022,5/14/2022 0:00:00,2537291.15052,6997983.72221,1594,48290,4693,2210,250.33335587520892
095937-2022,5/29/2022 0:00:00,2537423.90288,6998373.32019,1609,48438,4693,2210,262.2264704072141
109560-2022,6/18/2022 0:00:00,2537423.90288,6998373.32019,1629,48438,4693,2210,262.2264704072141
100691-2022,6/5/2022 0:00:00,2537376.8472,6998091.53958,1616,48548,4693,2210,275.72104672378794
117369-2022,6/29/2022 0:00:00,2537423.90288,6998373.32019,1640,48438,4693,2210,262.2264704072141
117198-2022,6/29/2022 0:00:00,2537423.90288,6998373.32019,1640,48438,4693,2210,262.2264704072141
123593-2022,7/9/2022 0:00:00,2537423.90288,6998373.32019,1650,48438,4693,2210,262.2264704072141
115862-2022,6/25/2022 0:00:00,2537291.15052,6997983.72221,1636,48290,4693,2210,250.33335587520892
114005-2022,6/24/2022 0:00:00,2537291.15052,6997983.72221,1635,48290,4693,2210,250.33335587520892
142234-2022,8/6/2022 0:00:00,2537423.90288,6998373.32019,1678,48438,4693,2210,262.2264704072141
133957-2022,7/21/2022 0:00:00,2537423.90288,6998373.32019,1662,48438,4693,2210,262.2264704072141
138401-2022,7/31/2022 0:00:00,2537423.90288,6998373.32019,1672,48438,4693,2210,262.2264704072141
137355-2022,7/30/2022 0:00:00,2537423.90288,6998373.32019,1671,48438,4693,2210,262.2264704072141
131103-2022,7/20/2022 0:00:00,2537328.11371,6998150.94104,1661,48548,4693,2210,275.72104672378794
128874-2022,7/17/2022 0:00:00,2537335.66356,6998143.29276,1658,48548,4693,2210,275.72104672378794
144871-2022,8/9/2022 0:00:00,2537423.90288,6998373.32019,1681,48438,4693,2210,262.2264704072141
152979-2022,8/22/2022 0:00:00,2537423.90288,6998373.32019,1694,48438,4693,2210,262.2264704072141
148731-2022,8/16/2022 0:00:00,2537423.90288,6998373.32019,1688,48438,4693,2210,262.2264704072141
162659-2022,9/6/2022 0:00:00,2537423.90288,6998373.32019,1709,48438,4693,2210,262.2264704072141
141843-2022,8/6/2022 0:00:00,2537450.18105,6997835.85899,1678,48219,4693,2210,259.524673239591
185225-2022,10/11/2022 0:00:00,2537423.90288,6998373.32019,1744,48438,4693,2210,262.2264704072141
185210-2022,10/11/2022 0:00:00,2537423.90288,6998373.32019,1744,48438,4693,2210,262.2264704072141
183061-2022,10/7/2022 0:00:00,2537423.90288,6998373.32019,1740,48438,4693,2210,262.2264704072141
205324-2022,11/13/2022 0:00:00,2537423.90288,6998373.32019,1777,48438,4693,2210,262.2264704072141
207580-2022,11/17/2022 0:00:00,2537423.90288,6998373.32019,1781,48438,4693,2210,262.2264704072141
814000-2022,11/12/2022 0:00:00,2537423.90288,6998373.32019,1776,48438,4693,2210,262.2264704072141
213588-2022,11/27/2022 0:00:00,2537423.90288,6998373.32019,1791,48438,4693,2210,262.2264704072141
214336-2022,11/26/2022 0:00:00,2537423.90288,6998373.32019,1790,48438,4693,2210,262.2264704072141
217934-2022,12/5/2022 0:00:00,2537423.90288,6998373.32019,1799,48438,4693,2210,262.2264704072141
220074-2022,12/8/2022 0:00:00,2537423.90288,6998373.32019,1802,48438,4693,2210,262.2264704072141
200837-2020,10/18/2020 0:00:00,2537423.9028836,6998373.32018535,1021,48438,4695,2210,262.2264704072141
214955-2020,12/1/2020 0:00:00,2537423.9028836,6998373.32018535,1065,48438,4695,2210,262.2264704072141
214929-2020,12/1/2020 0:00:00,2537423.9028836,6998373.32018535,1065,48438,4695,2210,262.2264704072141
206325-2020,11/17/2020 0:00:00,2537423.90303,6998373.32019,1051,48438,4695,2210,262.2264704072141
209969-2020,11/23/2020 0:00:00,2537423.90303,6998373.32019,1057,48438,4695,2210,262.2264704072141
213811-2020,11/26/2020 0:00:00,2537423.904195949,6998373.32182577,1060,48438,4695,2210,262.2264704072141
211610-2020,11/25/2020 0:00:00,2537334.04742028,6998159.39147936,1059,48548,4695,2210,275.72104672378794
228870-2020,12/16/2020 0:00:00,2537423.904195949,6998373.32182577,1080,48438,4695,2210,262.2264704072141
224513-2020,12/16/2020 0:00:00,2537343.1300792694,6998134.62053151,1080,48548,4695,2210,275.72104672378794
211481-2020,11/26/2020 0:00:00,2537291.15085253,6997983.72221127,1060,48290,4695,2210,250.33335587520892
210517-2020,11/19/2020 0:00:00,2537291.15216486,6997983.72286743,1053,48290,4695,2210,250.33335587520892
013417-2021,1/23/2021 0:00:00,2537423.9028836,6998373.32018535,1118,48438,4695,2210,262.2264704072141
011529-2021,1/20/2021 0:00:00,2537423.9028836,6998373.32018535,1115,48438,4695,2210,262.2264704072141
021639-2021,1/30/2021 0:00:00,2537423.9028836,6998373.32018535,1125,48438,4695,2210,262.2264704072141
014212-2021,1/24/2021 0:00:00,2537423.9028836,6998373.32018535,1119,48438,4695,2210,262.2264704072141
183373-2020,10/13/2020 0:00:00,2537291.15085253,6997983.72221127,1016,48290,4695,2210,250.33335587520892
022017-2021,2/5/2021 0:00:00,2537423.9028836,6998373.32018535,1131,48438,4695,2210,262.2264704072141
019581-2021,2/2/2021 0:00:00,2537423.9028836,6998373.32018535,1128,48438,4695,2210,262.2264704072141
029010-2021,2/19/2021 0:00:00,2537423.9028836,6998373.32018535,1145,48438,4695,2210,262.2264704072141
026772-2021,2/12/2021 0:00:00,2537423.90303,6998373.32019,1138,48438,4695,2210,262.2264704072141
812281-2020,10/1/2020 0:00:00,2537291.15052444,6997983.72221127,1004,48290,4695,2210,250.33335587520892
035251-2021,3/1/2021 0:00:00,2537423.9028836,6998373.32018535,1155,48438,4695,2210,262.2264704072141
037585-2021,3/4/2021 0:00:00,2537423.9032117,6998373.32018535,1158,48438,4695,2210,262.2264704072141
042776-2021,3/5/2021 0:00:00,2537423.904195949,6998373.32182577,1159,48438,4695,2210,262.2264704072141
049374-2021,3/18/2021 0:00:00,2537423.9028836,6998373.32018535,1172,48438,4695,2210,262.2264704072141
043905-2021,3/14/2021 0:00:00,2537423.9032117,6998373.32018535,1168,48438,4695,2210,262.2264704072141
043122-2021,3/13/2021 0:00:00,2537423.904195949,6998373.32182577,1167,48438,4695,2210,262.2264704072141
043634-2021,3/6/2021 0:00:00,2537423.904195949,6998373.32182577,1160,48438,4695,2210,262.2264704072141
055224-2021,4/1/2021 0:00:00,2537350.44666569,6998141.696304769,1186,48548,4695,2210,275.72104672378794
064137-2021,4/14/2021 0:00:00,2537423.9028836,6998373.32018535,1199,48438,4695,2210,262.2264704072141
061119-2021,4/9/2021 0:00:00,2537423.90303,6998373.32019,1194,48438,4695,2210,262.2264704072141
057304-2021,4/3/2021 0:00:00,2537423.90303,6998373.32019,1188,48438,4695,2210,262.2264704072141
067468-2021,4/16/2021 0:00:00,2537423.9028836,6998373.32018535,1201,48438,4695,2210,262.2264704072141
805199-2021,4/19/2021 0:00:00,2537423.9028836,6998373.32018535,1204,48438,4695,2210,262.2264704072141
057544-2021,4/4/2021 0:00:00,2537291.15052444,6997983.72221127,1189,48290,4695,2210,250.33335587520892
073234-2021,4/11/2021 0:00:00,2537291.15052444,6997983.72221127,1196,48290,4695,2210,250.33335587520892
078256-2021,4/22/2021 0:00:00,2537291.15052444,6997983.72221127,1207,48290,4695,2210,250.33335587520892
083394-2021,5/12/2021 0:00:00,2537372.73008569,6998114.43684486,1227,48548,4695,2210,275.72104672378794
093105-2021,4/30/2021 0:00:00,2537357.39448644,6998117.80265176,1215,48548,4695,2210,275.72104672378794
806568-2021,5/15/2021 0:00:00,2537423.9028836,6998373.32018535,1230,48438,4695,2210,262.2264704072141
083836-2021,5/13/2021 0:00:00,2537291.15052444,6997983.72221127,1228,48290,4695,2210,250.33335587520892
083469-2021,5/12/2021 0:00:00,2537399.81894228,6998075.71382518,1227,48548,4695,2210,275.72104672378794
102428-2021,6/9/2021 0:00:00,2537423.9028836,6998373.32018535,1255,48438,4695,2210,262.2264704072141
102138-2021,6/9/2021 0:00:00,2537423.904195949,6998373.32182577,1255,48438,4695,2210,262.2264704072141
111144-2021,6/23/2021 0:00:00,2537423.9028836,6998373.32018535,1269,48438,4695,2210,262.2264704072141
114442-2021,6/27/2021 0:00:00,2537423.9028836,6998373.32018535,1273,48438,4695,2210,262.2264704072141
115390-2021,6/29/2021 0:00:00,2537357.39448644,6998117.80265176,1275,48548,4695,2210,275.72104672378794
118759-2021,7/4/2021 0:00:00,2537423.9028836,6998373.32018535,1280,48438,4695,2210,262.2264704072141
118260-2021,7/4/2021 0:00:00,2537423.9028836,6998373.32018535,1280,48438,4695,2210,262.2264704072141
127927-2021,7/18/2021 0:00:00,2537423.90288,6998373.32019,1294,48438,4695,2210,262.2264704072141
103130-2021,6/11/2021 0:00:00,2537433.54000345,6997905.62066144,1257,48219,4695,2210,259.524673239591
105119-2021,6/14/2021 0:00:00,2537291.15052444,6997983.72221127,1260,48290,4695,2210,250.33335587520892
808149-2021,6/22/2021 0:00:00,2537291.15052444,6997983.72221127,1268,48290,4695,2210,250.33335587520892
186621-2021,10/13/2021 0:00:00,2537291.15052,6997983.72221,1381,48290,4695,2210,250.33335587520892
048343-2020,3/11/2020 0:00:00,2537335.662902609,6998143.29275827,800,48548,4699,2210,275.72104672378794
251362-2019,12/14/2019 0:00:00,2537423.9028836,6998373.32018535,712,48438,4699,2210,262.2264704072141
242521-2019,12/2/2019 0:00:00,2537423.904195949,6998373.32182577,700,48438,4699,2210,262.2264704072141
245327-2019,12/6/2019 0:00:00,2537300.1396797,6998191.56628376,704,48548,4699,2210,275.72104672378794
062268-2020,4/4/2020 0:00:00,2537423.9032117,6998373.32018535,824,48438,4699,2210,262.2264704072141
051492-2020,3/16/2020 0:00:00,2537291.15052444,6997983.72221127,805,48290,4699,2210,250.33335587520892
228480-2019,11/11/2019 0:00:00,2537372.73008569,6998114.43684486,679,48548,4699,2210,275.72104672378794
224173-2019,11/6/2019 0:00:00,2537380.12836486,6998104.64749435,674,48548,4699,2210,275.72104672378794
260606-2019,12/29/2019 0:00:00,2537291.15085253,6997983.72221127,727,48290,4699,2210,250.33335587520892
806114-2019,12/4/2019 0:00:00,2537291.15216486,6997983.72286743,702,48290,4699,2210,250.33335587520892
230551-2019,11/8/2019 0:00:00,2537291.15216486,6997983.72286743,676,48290,4699,2210,250.33335587520892
073648-2020,4/24/2020 0:00:00,2537423.9032117,6998373.32018535,844,48438,4699,2210,262.2264704072141
036505-2020,2/23/2020 0:00:00,2537447.28275812,6997847.56106627,783,48219,4699,2210,259.524673239591
218692-2019,10/28/2019 0:00:00,2537291.15052,6997983.72235,665,48290,4699,2210,250.33335587520892
005941-2020,1/9/2020 0:00:00,2537291.15052444,6997983.72221127,738,48290,4699,2210,250.33335587520892
081897-2020,5/7/2020 0:00:00,2537423.9032117,6998373.32018535,857,48438,4699,2210,262.2264704072141
086822-2020,5/15/2020 0:00:00,2537423.904195949,6998373.32182577,865,48438,4699,2210,262.2264704072141
092815-2020,5/25/2020 0:00:00,2537423.9032117,6998373.32018535,875,48438,4699,2210,262.2264704072141
081603-2020,5/6/2020 0:00:00,2537291.15085253,6997983.72221127,856,48290,4699,2210,250.33335587520892
047168-2020,3/6/2020 0:00:00,2537643.45629,6997610.41507,795,48192,4699,2210,266.89506566950894
005455-2020,1/8/2020 0:00:00,2537527.88430294,6997698.17258552,737,48192,4699,2210,266.89506566950894
098926-2020,6/4/2020 0:00:00,2537423.904195949,6998373.32182577,885,48438,4699,2210,262.2264704072141
099117-2020,6/4/2020 0:00:00,2537423.904195949,6998373.32182577,885,48438,4699,2210,262.2264704072141
098060-2020,6/2/2020 0:00:00,2537291.15052,6997983.72221,883,48290,4699,2210,250.33335587520892
075495-2020,4/21/2020 0:00:00,2537450.181702449,6997835.85866185,841,48219,4699,2210,259.524673239591
110087-2020,6/23/2020 0:00:00,2537423.904195949,6998373.32182577,904,48438,4699,2210,262.2264704072141
192276-2019,9/21/2019 0:00:00,2537334.04742028,6998159.39147936,628,48548,4699,2210,275.72104672378794
192494-2019,9/21/2019 0:00:00,2537291.15216486,6997983.72286743,628,48290,4699,2210,250.33335587520892
198635-2019,9/29/2019 0:00:00,2537291.15216486,6997983.72286743,636,48290,4699,2210,250.33335587520892
192495-2019,9/21/2019 0:00:00,2537291.15216486,6997983.72286743,628,48290,4699,2210,250.33335587520892
002175-2021,4/21/2020 0:00:00,2537557.56436169,6997653.46532585,841,48192,4699,2210,266.89506566950894
125196-2020,7/17/2020 0:00:00,2537423.904195949,6998373.32182577,928,48438,4699,2210,262.2264704072141
129681-2020,7/24/2020 0:00:00,2537423.9032117,6998373.32018535,935,48438,4699,2210,262.2264704072141
129668-2020,7/24/2020 0:00:00,2537291.15216486,6997983.72286743,935,48290,4699,2210,250.33335587520892
172157-2019,8/22/2019 0:00:00,2537423.904195949,6998373.32182577,598,48438,4699,2210,262.2264704072141
169668-2019,8/21/2019 0:00:00,2537291.15216486,6997983.72286743,597,48290,4699,2210,250.33335587520892
137672-2020,8/6/2020 0:00:00,2537350.44666569,6998141.696304769,948,48548,4699,2210,275.72104672378794
137675-2020,8/6/2020 0:00:00,2537350.44666569,6998141.696304769,948,48548,4699,2210,275.72104672378794
148073-2020,8/20/2020 0:00:00,2537423.904195949,6998373.32182577,962,48438,4699,2210,262.2264704072141
132626-2020,7/29/2020 0:00:00,2537291.15052444,6997983.72221127,940,48290,4699,2210,250.33335587520892
134249-2020,7/31/2020 0:00:00,2537291.15085253,6997983.72221127,942,48290,4699,2210,250.33335587520892
146013-2020,8/18/2020 0:00:00,2537291.15052444,6997983.72221127,960,48290,4699,2210,250.33335587520892
809978-2020,8/18/2020 0:00:00,2537291.15085253,6997983.72221127,960,48290,4699,2210,250.33335587520892
166864-2019,8/17/2019 0:00:00,2537423.904195949,6998373.32182577,593,48438,4699,2210,262.2264704072141
166967-2019,8/17/2019 0:00:00,2537423.904195949,6998373.32182577,593,48438,4699,2210,262.2264704072141
168692-2019,8/20/2019 0:00:00,2537423.904195949,6998373.32182577,596,48438,4699,2210,262.2264704072141
168890-2019,8/19/2019 0:00:00,2537423.904195949,6998373.32182577,595,48438,4699,2210,262.2264704072141
168693-2019,8/20/2019 0:00:00,2537423.904195949,6998373.32182577,596,48438,4699,2210,262.2264704072141
168678-2019,8/9/2019 0:00:00,2537450.74239686,6997800.34560952,585,48219,4699,2210,259.524673239591
090461-2020,5/21/2020 0:00:00,2537438.69812961,6997537.16995478,871,48192,4699,2210,266.89506566950894
149470-2020,8/23/2020 0:00:00,2537423.904195949,6998373.32182577,965,48438,4699,2210,262.2264704072141
153444-2020,8/29/2020 0:00:00,2537423.904195949,6998373.32182577,971,48438,4699,2210,262.2264704072141
158914-2020,9/6/2020 0:00:00,2537423.9028836,6998373.32018535,979,48438,4699,2210,262.2264704072141
158847-2020,9/6/2020 0:00:00,2537423.9028836,6998373.32018535,979,48438,4699,2210,262.2264704072141
156057-2020,9/2/2020 0:00:00,2537334.04742028,6998159.39147936,975,48548,4699,2210,275.72104672378794
154950-2020,8/31/2020 0:00:00,2537291.15052444,6997983.72221127,973,48290,4699,2210,250.33335587520892
150137-2020,8/24/2020 0:00:00,2537382.964317189,6998082.70429677,966,48548,4699,2210,275.72104672378794
174775-2019,8/27/2019 0:00:00,2537575.41340736,6997636.03622685,603,48192,4699,2210,266.89506566950894
164496-2020,9/15/2020 0:00:00,2537466.62294252,6997789.11203618,988,48219,4699,2210,259.524673239591
181538-2019,9/5/2019 0:00:00,2537691.7136997,6997576.14625476,612,48219,4699,2210,259.524673239591
172593-2019,8/25/2019 0:00:00,2537621.20760711,6997647.2261651,601,48219,4699,2210,259.524673239591
156592-2019,8/2/2019 0:00:00,2537630.25745778,6997638.16975278,578,48219,4699,2210,259.524673239591
164031-2019,8/8/2019 0:00:00,2537630.25745778,6997638.16975278,584,48219,4699,2210,259.524673239591
001408-2020,1/2/2020 0:00:00,2535147.37846,6998185.08538,731,48391,48371,2210,263.4490245563451
009567-2020,1/15/2020 0:00:00,2535147.37856528,6998185.0853256,744,48391,48371,2210,263.4490245563451
006082-2020,1/9/2020 0:00:00,2535147.37856528,6998185.0853256,738,48391,48371,2210,263.4490245563451
006086-2020,1/9/2020 0:00:00,2535147.37922144,6998185.08696602,738,48391,48371,2210,263.4490245563451
256647-2019,12/23/2019 0:00:00,2535147.37922144,6998185.08696602,721,48391,48371,2210,263.4490245563451
254169-2019,12/19/2019 0:00:00,2535147.37922144,6998185.08696602,717,48391,48371,2210,263.4490245563451
252257-2019,12/12/2019 0:00:00,2535147.37922144,6998185.08696602,710,48391,48371,2210,263.4490245563451
248740-2019,12/11/2019 0:00:00,2535147.37922144,6998185.08696602,709,48391,48371,2210,263.4490245563451
026899-2020,2/9/2020 0:00:00,2535147.37856528,6998185.0853256,769,48391,48371,2210,263.4490245563451
026056-2020,2/7/2020 0:00:00,2535147.37846,6998185.08538,767,48391,48371,2210,263.4490245563451
021192-2020,2/1/2020 0:00:00,2535147.37922144,6998185.08696602,761,48391,48371,2210,263.4490245563451
029086-2020,2/13/2020 0:00:00,2535147.37856528,6998185.0853256,773,48391,48371,2210,263.4490245563451
036018-2020,2/23/2020 0:00:00,2535147.37922144,6998185.08696602,783,48391,48371,2210,263.4490245563451
033444-2020,2/18/2020 0:00:00,2535147.37922144,6998185.08696602,778,48391,48371,2210,263.4490245563451
240482-2019,11/28/2019 0:00:00,2535147.37846,6998185.08538,696,48391,48371,2210,263.4490245563451
238197-2019,11/25/2019 0:00:00,2535147.37922144,6998185.08696602,693,48391,48371,2210,263.4490245563451
039886-2020,2/28/2020 0:00:00,2535147.37922144,6998185.08696602,788,48391,48371,2210,263.4490245563451
051754-2020,3/16/2020 0:00:00,2534889.65959252,6998068.90379943,805,48429,48371,2210,538.0437143727347
225820-2019,11/8/2019 0:00:00,2535147.37846,6998185.08538,676,48391,48371,2210,263.4490245563451
212035-2019,10/18/2019 0:00:00,2535147.37922144,6998185.08696602,655,48391,48371,2210,263.4490245563451
065556-2020,4/9/2020 0:00:00,2535147.37846,6998185.08538,829,48391,48371,2210,263.4490245563451
061734-2020,4/3/2020 0:00:00,2535147.37846,6998185.08538,823,48391,48371,2210,263.4490245563451
192830-2019,9/21/2019 0:00:00,2535147.37846,6998185.08538,628,48391,48371,2210,263.4490245563451
198923-2019,9/29/2019 0:00:00,2535147.37922144,6998185.08696602,636,48391,48371,2210,263.4490245563451
200318-2019,10/1/2019 0:00:00,2535147.37922144,6998185.08696602,638,48391,48371,2210,263.4490245563451
194064-2019,9/23/2019 0:00:00,2535147.37922144,6998185.08696602,630,48391,48371,2210,263.4490245563451
070840-2020,4/19/2020 0:00:00,2535147.37846,6998185.08538,839,48391,48371,2210,263.4490245563451
076486-2020,4/28/2020 0:00:00,2535147.37922144,6998185.08696602,848,48391,48371,2210,263.4490245563451
182755-2019,9/7/2019 0:00:00,2535147.37922144,6998185.08696602,614,48391,48371,2210,263.4490245563451
187007-2019,9/13/2019 0:00:00,2535147.37922144,6998185.08696602,620,48391,48371,2210,263.4490245563451
181473-2019,9/5/2019 0:00:00,2535147.37922144,6998185.08696602,612,48391,48371,2210,263.4490245563451
172393-2019,8/24/2019 0:00:00,2535147.37922144,6998185.08696602,600,48391,48371,2210,263.4490245563451
086921-2020,5/15/2020 0:00:00,2535147.37846,6998185.08538,865,48391,48371,2210,263.4490245563451
085075-2020,5/13/2020 0:00:00,2535147.37922144,6998185.08696602,863,48391,48371,2210,263.4490245563451
087635-2020,5/18/2020 0:00:00,2535147.37846,6998185.08538,868,48391,48371,2210,263.4490245563451
089709-2020,5/18/2020 0:00:00,2535147.37922144,6998185.08696602,868,48391,48371,2210,263.4490245563451
163643-2019,8/12/2019 0:00:00,2535147.37846,6998185.08538,588,48391,48371,2210,263.4490245563451
153991-2019,7/30/2019 0:00:00,2535147.37922144,6998185.08696602,575,48391,48371,2210,263.4490245563451
096585-2020,5/30/2020 0:00:00,2535147.37922144,6998185.08696602,880,48391,48371,2210,263.4490245563451
146382-2019,7/19/2019 0:00:00,2535147.37846,6998185.08538,564,48391,48371,2210,263.4490245563451
149165-2019,7/23/2019 0:00:00,2535147.37922144,6998185.08696602,568,48391,48371,2210,263.4490245563451
171167-2019,8/23/2019 0:00:00,2535634.56525494,6998361.1046586,599,48394,48371,2210,261.1191292996979
137309-2019,7/7/2019 0:00:00,2535147.37922144,6998185.08696602,552,48391,48371,2210,263.4490245563451
128062-2019,6/24/2019 0:00:00,2535147.37846,6998185.08538,539,48391,48371,2210,263.4490245563451
129037-2019,6/27/2019 0:00:00,2535147.37922144,6998185.08696602,542,48391,48371,2210,263.4490245563451
109143-2019,5/31/2019 0:00:00,2535147.37922144,6998185.08696602,515,48391,48371,2210,263.4490245563451
086880-2019,5/1/2019 0:00:00,2535147.37922144,6998185.08696602,485,48391,48371,2210,263.4490245563451
081705-2019,4/25/2019 0:00:00,2535147.37846,6998185.08538,479,48391,48371,2210,263.4490245563451
081563-2019,4/24/2019 0:00:00,2535147.37922144,6998185.08696602,478,48391,48371,2210,263.4490245563451
065998-2019,4/3/2019 0:00:00,2535147.37846,6998185.08538,457,48391,48371,2210,263.4490245563451
058939-2019,3/23/2019 0:00:00,2535147.37846,6998185.08538,446,48391,48371,2210,263.4490245563451
061232-2019,3/27/2019 0:00:00,2535147.37922144,6998185.08696602,450,48391,48371,2210,263.4490245563451
044994-2019,3/5/2019 0:00:00,2535147.37846,6998185.08538,428,48391,48371,2210,263.4490245563451
057694-2019,2/22/2019 0:00:00,2535147.37846,6998185.08538,417,48391,48371,2210,263.4490245563451
030667-2019,2/12/2019 0:00:00,2535147.37846,6998185.08538,407,48391,48371,2210,263.4490245563451
026961-2019,2/6/2019 0:00:00,2535147.37846,6998185.08538,401,48391,48371,2210,263.4490245563451
022969-2019,2/2/2019 0:00:00,2535147.37922144,6998185.08696602,397,48391,48371,2210,263.4490245563451
016532-2019,1/25/2019 0:00:00,2535147.37922144,6998185.08696602,389,48391,48371,2210,263.4490245563451
017968-2019,1/25/2019 0:00:00,2535147.37922144,6998185.08696602,389,48391,48371,2210,263.4490245563451
010464-2019,1/15/2019 0:00:00,2535147.37846,6998185.08538,379,48391,48371,2210,263.4490245563451
008506-2019,1/13/2019 0:00:00,2534694.02605,6998061.12903,377,48285,48371,2210,539.4604363475935
005706-2019,1/8/2019 0:00:00,2535147.37922144,6998185.08696602,372,48391,48371,2210,263.4490245563451
271595-2018,12/19/2018 0:00:00,2535147.37857,6998185.08533,352,48391,48371,2210,263.4490245563451
275122-2018,12/24/2018 0:00:00,2535147.37922144,6998185.08696602,357,48391,48371,2210,263.4490245563451
020753-2019,1/30/2019 0:00:00,2534535.27447453,6998230.55931602,394,48406,48371,2210,543.3120521901316
260087-2018,12/4/2018 0:00:00,2535147.37857,6998185.08533,337,48391,48371,2210,263.4490245563451
257480-2018,11/30/2018 0:00:00,2535147.37922144,6998185.08696602,333,48391,48371,2210,263.4490245563451
265583-2018,12/10/2018 0:00:00,2535147.37922144,6998185.08696602,343,48391,48371,2210,263.4490245563451
244924-2018,11/11/2018 0:00:00,2535147.37857,6998185.08533,314,48391,48371,2210,263.4490245563451
242737-2018,11/7/2018 0:00:00,2534963.313644689,6997770.86076035,310,48226,48371,2210,544.6614431285188
258160-2018,11/29/2018 0:00:00,2535092.51286136,6997554.64006418,332,48053,48371,2210,535.7676692219961
260674-2018,12/4/2018 0:00:00,2534483.99209678,6997765.46772651,337,48169,48371,2210,541.937194394842
275527-2018,12/25/2018 0:00:00,2534751.67922544,6997413.28011069,358,48033,48371,2210,548.0597144318659
255195-2018,11/27/2018 0:00:00,2534271.15328361,6998134.83280143,330,48406,48371,2210,543.3120521901316
246589-2018,11/13/2018 0:00:00,2534358.43591744,6997603.76332551,316,48094,48371,2210,552.6579766790143
247434-2018,11/13/2018 0:00:00,2534366.61372261,6997171.89739135,316,47907,48371,2210,543.5110504074869
269366-2018,12/17/2018 0:00:00,2534655.87856,6997113.01234,350,47865,48371,2210,535.5551718247963
270115-2018,11/30/2018 0:00:00,2534126.23198552,6997167.44333202,333,47907,48371,2210,543.5110504074869
234109-2018,10/25/2018 0:00:00,2533592.00175478,6997446.910948928,297,48014,48371,2210,547.5029081396892
226802-2018,10/15/2018 0:00:00,2533900.26491778,6996669.99846077,287,47663,48371,2210,544.1246303218229
238983-2018,11/2/2018 0:00:00,2533696.19741252,6997669.67854802,305,48218,48371,2210,550.2677664036263
237513-2018,10/30/2018 0:00:00,2533271.31637253,6997648.8816736,302,48225,48371,2210,567.5822498299407
247282-2018,11/14/2018 0:00:00,2533417.41155277,6997761.9877466,317,48298,48371,2210,562.961133567652
228743-2018,10/17/2018 0:00:00,2533417.41155277,6997761.9877466,289,48298,48371,2210,562.961133567652
253108-2018,11/23/2018 0:00:00,2533533.64458802,6997582.60227861,326,48225,48371,2210,567.5822498299407
247583-2018,11/14/2018 0:00:00,2533228.12485786,6997445.38864227,317,48014,48371,2210,547.5029081396892
218614-2018,10/3/2018 0:00:00,2533230.21802953,6997890.63742368,275,48295,48371,2210,551.1958425082277
228736-2018,10/17/2018 0:00:00,2533078.64320144,6997154.1602221,289,47889,48371,2210,559.9853462565337
266595-2018,12/12/2018 0:00:00,2533271.31637253,6997648.8816736,345,48225,48371,2210,567.5822498299407
263121-2018,12/7/2018 0:00:00,2533295.49480186,6997760.33486277,340,48298,48371,2210,562.961133567652
278500-2018,12/30/2018 0:00:00,2533699.21873194,6997490.00567903,363,48218,48371,2210,550.2677664036263
006233-2019,1/9/2019 0:00:00,2532877.03960203,6997754.50318152,373,48298,48371,2210,562.961133567652
273135-2018,12/22/2018 0:00:00,2533176.492087109,6997759.05763435,355,48298,48371,2210,562.961133567652
018013-2019,1/26/2019 0:00:00,2532477.6571987,6997518.22248611,390,48163,48371,2210,550.5555281650592
007560-2019,1/11/2019 0:00:00,2533321.67048,6998065.98057,375,48428,48371,2210,549.2383661205905
020954-2019,1/30/2019 0:00:00,2533417.41155277,6997761.9877466,394,48298,48371,2210,562.961133567652
011161-2019,1/16/2019 0:00:00,2533672.90972944,6998322.88918385,380,48482,48371,2210,555.8489731679633
016600-2018,1/23/2018 0:00:00,2532536.03995594,6997644.36954352,22,48225,54276,2210,567.5822498299407
031575-2018,2/11/2018 0:00:00,2532869.8686846,6997885.49373318,41,48295,54276,2210,551.1958425082277
050612-2018,3/8/2018 0:00:00,2532744.10187578,6997759.73643877,66,48298,54276,2210,562.961133567652
051814-2018,3/10/2018 0:00:00,2533381.32533886,6998066.43431619,68,48428,54276,2210,549.2383661205905
029587-2018,2/9/2018 0:00:00,2533137.08305,6998374.12366,39,48540,54276,2210,561.953753124487
010118-2018,1/13/2018 0:00:00,2532996.25950794,6996992.37839344,12,47815,54276,2210,549.1416965624177
059398-2018,3/20/2018 0:00:00,2533555.24428,6997736.61083,78,48225,54276,2210,567.5822498299407
018211-2018,1/24/2018 0:00:00,2533503.72470036,6998579.04582377,23,48591,54276,2210,559.7926509684564
020517-2018,1/28/2018 0:00:00,2533230.21802953,6997890.63742368,27,48295,54276,2210,551.1958425082277
013367-2018,1/16/2018 0:00:00,2533387.87256986,6998857.68765494,15,48700,54276,2210,561.2581987000959
059591-2018,3/20/2018 0:00:00,2533078.64320144,6997154.1602221,78,47889,54276,2210,559.9853462565337
058659-2018,3/20/2018 0:00:00,2533304.91440244,6997276.29088335,78,47973,54276,2210,557.2051705770044
074746-2018,4/9/2018 0:00:00,2534095.96892269,6997810.252413848,98,48169,54276,2210,541.937194394842
010056-2018,1/14/2018 0:00:00,2533952.88981253,6998555.56588386,13,48775,54276,2210,542.391324832906
030317-2018,2/9/2018 0:00:00,2533373.71905486,6999049.59836036,39,48748,54276,2210,551.2284159008512
019383-2018,1/26/2018 0:00:00,2533695.2016796,6997729.2082846,25,48218,54276,2210,550.2677664036263
021962-2018,1/29/2018 0:00:00,2533136.453125189,6999059.41789451,28,48772,54276,2210,547.0661887772593
027768-2018,2/6/2018 0:00:00,2534128.62207261,6999062.99990836,36,48918,54276,2210,548.7450829639502
048428-2018,3/6/2018 0:00:00,2533810.62927027,6998992.958381769,64,48914,54276,2210,546.9592328726602
048435-2018,3/6/2018 0:00:00,2533810.62927027,6998992.958381769,64,48914,54276,2210,546.9592328726602
048460-2018,3/6/2018 0:00:00,2533760.48074852,6998960.11789627,64,48914,54276,2210,546.9592328726602
048370-2018,3/6/2018 0:00:00,2533760.48074852,6998960.11789627,64,48914,54276,2210,546.9592328726602
047060-2018,3/3/2018 0:00:00,2533280.54863752,6999508.335303769,61,49006,54276,2210,555.0149915399834
045947-2018,3/4/2018 0:00:00,2533943.11030452,6998889.16626652,62,48918,54276,2210,548.7450829639502
048455-2018,3/6/2018 0:00:00,2533965.87305428,6999109.06346452,64,48914,54276,2210,546.9592328726602
048420-2018,3/6/2018 0:00:00,2534005.3536183494,6999166.655212848,64,48914,54276,2210,546.9592328726602
048375-2018,3/6/2018 0:00:00,2534033.3722631,6999230.78763051,64,48914,54276,2210,546.9592328726602
048446-2018,3/6/2018 0:00:00,2534033.3722631,6999230.78763051,64,48914,54276,2210,546.9592328726602
048441-2018,3/6/2018 0:00:00,2534033.3722631,6999230.78763051,64,48914,54276,2210,546.9592328726602
041955-2018,2/27/2018 0:00:00,2533896.18815428,6999225.6147406,57,48913,54276,2210,543.7091209419542
062534-2018,3/24/2018 0:00:00,2533760.0050277,6999510.24146794,82,49006,54276,2210,555.0149915399834
069141-2018,3/31/2018 0:00:00,2533387.87256986,6998857.68765494,89,48700,54276,2210,561.2581987000959
041956-2018,2/27/2018 0:00:00,2532784.7369651,6999437.13892385,57,49000,54276,2210,554.1635651096136
087873-2018,4/25/2018 0:00:00,2532895.37814802,6998938.0661031,114,48748,54276,2210,551.2284159008512
074737-2018,4/10/2018 0:00:00,2533015.7978546894,6999058.7804286,99,48772,54276,2210,547.0661887772593
092357-2018,5/1/2018 0:00:00,2533849.5678407,6999167.150290608,120,48913,54276,2210,543.7091209419542
073905-2018,4/8/2018 0:00:00,2532833.69027928,6999057.99007586,97,48772,54276,2210,547.0661887772593
091606-2018,4/30/2018 0:00:00,2532476.02268752,6998778.8242956,119,48700,54276,2210,561.2581987000959
094698-2018,5/4/2018 0:00:00,2533125.45478761,6999343.03674985,123,48912,54276,2210,554.3774671381606
112432-2018,5/25/2018 0:00:00,2534069.30362169,6998821.44986652,144,48846,54276,2210,548.2248184470367
090033-2018,4/29/2018 0:00:00,2532040.38215461,6998655.43051352,118,48660,54276,2210,565.9025787298343
068589-2018,4/2/2018 0:00:00,2532175.12105836,6998496.30681603,91,48514,54276,2210,544.1459348674459
099650-2018,5/11/2018 0:00:00,2532415.38698202,6998497.33338878,130,48591,54276,2210,559.7926509684564
099719-2018,5/10/2018 0:00:00,2532682.129558769,6998265.49034852,129,48482,54276,2210,555.8489731679633
105242-2018,5/18/2018 0:00:00,2533021.69974577,6999507.22211702,137,49000,54276,2210,554.1635651096136
114234-2018,5/25/2018 0:00:00,2533280.54863752,6999508.335303769,144,49006,54276,2210,555.0149915399834
120752-2018,6/4/2018 0:00:00,2533943.11030452,6998889.16626652,154,48918,54276,2210,548.7450829639502
120028-2018,6/2/2018 0:00:00,2533901.47423294,6998522.37927043,152,48775,54276,2210,542.391324832906
119736-2018,6/3/2018 0:00:00,2533971.36779395,6998415.01465577,153,48741,54276,2210,545.446153629078
107898-2018,5/20/2018 0:00:00,2531986.15358853,6998195.7526271,139,48362,54276,2210,544.6049267683517
104579-2018,5/16/2018 0:00:00,2531986.15358853,6998195.7526271,135,48362,54276,2210,544.6049267683517
119177-2018,6/3/2018 0:00:00,2532415.89846395,6998369.37432711,153,48540,54276,2210,561.953753124487
124361-2018,6/8/2018 0:00:00,2532718.82732002,6998370.84971786,158,48540,54276,2210,561.953753124487
119135-2018,6/2/2018 0:00:00,2532113.74585302,6998496.200188929,152,48514,54276,2210,544.1459348674459
110522-2018,5/23/2018 0:00:00,2532105.624150109,6998058.78144436,142,48298,54276,2210,562.961133567652
128393-2018,6/14/2018 0:00:00,2533280.54863752,6999508.335303769,164,49006,54276,2210,555.0149915399834
099028-2018,5/9/2018 0:00:00,2532900.48640552,7000000.22605227,128,49187,54276,2210,281.21419423225734
109598-2018,5/23/2018 0:00:00,2533758.66185452,6998017.6860541,142,48428,54276,2210,549.2383661205905
129410-2018,6/15/2018 0:00:00,2533758.66185452,6998017.6860541,165,48428,54276,2210,549.2383661205905
131656-2018,6/17/2018 0:00:00,2532766.87085912,6998081.05731843,167,48299,54276,2210,541.9391803212292
126980-2018,6/11/2018 0:00:00,2532954.49023,6998202.00622,161,48482,54276,2210,555.8489731679633
137719-2018,6/22/2018 0:00:00,2531860.81952161,6998189.2526401,172,48358,54276,2210,540.2183211993281
084176-2018,4/21/2018 0:00:00,2531294.75897394,6997739.1275561,110,48151,54276,2210,564.2280956935571
154615-2018,7/15/2018 0:00:00,2531789.33967769,6998371.0747830095,195,48445,54276,2210,535.9762353607454
116438-2018,5/30/2018 0:00:00,2534190.59406152,6997470.58183335,149,48033,54276,2210,548.0597144318659
140449-2018,6/27/2018 0:00:00,2533977.69028786,6997385.55870944,177,48093,54276,2210,543.0364289411688
140541-2018,6/27/2018 0:00:00,2533977.69028786,6997385.55870944,177,48093,54276,2210,543.0364289411688
140558-2018,6/2/2018 0:00:00,2534126.23198552,6997167.44333202,152,47907,54276,2210,543.5110504074869
098777-2018,5/10/2018 0:00:00,2533809.39370844,6996773.68362086,129,47764,54276,2210,541.2990163576401
095731-2018,5/5/2018 0:00:00,2533658.01376186,6997003.39641602,124,47815,54276,2210,549.1416965624177
119138-2018,6/2/2018 0:00:00,2533356.2144966894,6996996.6526631,152,47815,54276,2210,549.1416965624177
119309-2018,6/2/2018 0:00:00,2533536.2318531894,6997000.28913876,152,47815,54276,2210,549.1416965624177
120126-2018,6/2/2018 0:00:00,2533540.7282352694,6996845.76746619,152,47758,54276,2210,545.7575550892595
095709-2018,5/6/2018 0:00:00,2532855.47829,6996845.22022,125,47771,54276,2210,537.8033056284253
095742-2018,5/5/2018 0:00:00,2533008.21092761,6997273.47428794,124,47973,54276,2210,557.2051705770044
107986-2018,5/21/2018 0:00:00,2532725.74298862,6996846.17789844,140,47747,54276,2210,541.6142391210126
106374-2018,5/19/2018 0:00:00,2532740.90535986,6996990.15694119,138,47934,54276,2210,548.9834184593446
120139-2018,6/4/2018 0:00:00,2532830.6092487,6997271.7820341,154,47973,54276,2210,557.2051705770044
120787-2018,6/4/2018 0:00:00,2532643.21067336,6996845.48925152,154,47747,54276,2210,541.6142391210126
163035-2018,4/25/2018 0:00:00,2531853.06987,6997106.35356,114,47926,54276,2210,267.11713103970413
108185-2018,5/20/2018 0:00:00,2531853.07019328,6997106.35355918,139,47926,54276,2210,267.11713103970413
106365-2018,5/18/2018 0:00:00,2532029.69779278,6996644.16944419,137,47643,54276,2210,543.2756062854093
084929-2018,4/22/2018 0:00:00,2531853.07019328,6997106.35355918,111,47926,54276,2210,267.11713103970413
065985-2018,3/29/2018 0:00:00,2531853.07019328,6997106.35355918,87,47926,54276,2210,267.11713103970413
065219-2018,3/28/2018 0:00:00,2531853.07019328,6997106.35355918,86,47926,54276,2210,267.11713103970413
084692-2018,4/22/2018 0:00:00,2531853.07019328,6997106.35355918,111,47926,54276,2210,267.11713103970413
106966-2018,5/19/2018 0:00:00,2531790.472877529,6997411.23090218,138,48005,54276,2210,545.5126390351595
124508-2018,4/24/2018 0:00:00,2531946.87774844,6996642.7573735295,113,47643,54276,2210,543.2756062854093
073462-2018,4/8/2018 0:00:00,2531667.14242,6997010.32586,97,47838,54276,2210,257.02272201507685
082601-2018,4/19/2018 0:00:00,2531656.98561169,6997010.94889435,108,47838,54276,2210,257.02272201507685
103959-2018,5/16/2018 0:00:00,2531750.48378427,6996929.98580168,135,47926,54276,2210,267.11713103970413
117207-2018,6/1/2018 0:00:00,2531750.48378427,6996929.98580168,151,47926,54276,2210,267.11713103970413
116397-2018,5/31/2018 0:00:00,2531740.26464,6996950.67966,150,47926,54276,2210,267.11713103970413
061503-2018,3/23/2018 0:00:00,2531853.07019328,6997106.35355918,81,47926,54276,2210,267.11713103970413
047194-2018,3/1/2018 0:00:00,2531853.17517994,6997552.71946435,59,48082,54276,2210,546.0273631135507
043579-2018,2/28/2018 0:00:00,2531869.07311,6997412.03996,58,48005,54276,2210,545.5126390351595
065233-2018,3/28/2018 0:00:00,2531750.48378427,6996929.98580168,86,47926,54276,2210,267.11713103970413
089283-2018,4/16/2018 0:00:00,2531763.65305,6996160.59856,105,47501,54276,2210,253.32521557406017
143501-2018,7/2/2018 0:00:00,2531750.48378427,6996929.98580168,182,47926,54276,2210,267.11713103970413
145685-2018,7/4/2018 0:00:00,2531667.14242,6997010.32586,184,47838,54276,2210,257.02272201507685
041867-2018,2/27/2018 0:00:00,2531750.48378427,6996929.98580168,57,47926,54276,2210,267.11713103970413
161386-2018,7/23/2018 0:00:00,2531946.87774844,6996642.7573735295,203,47643,54276,2210,543.2756062854093
168498-2018,8/1/2018 0:00:00,2531853.06987,6997106.35356,212,47926,54276,2210,267.11713103970413
161719-2018,7/24/2018 0:00:00,2531853.07019328,6997106.35355918,204,47926,54276,2210,267.11713103970413
155519-2018,7/12/2018 0:00:00,2531401.35324894,6997425.3279868495,192,48002,54276,2210,563.8519736669264
145156-2018,7/4/2018 0:00:00,2531751.03496428,6996741.55573235,184,47926,54276,2210,267.11713103970413
179580-2018,8/14/2018 0:00:00,2531740.26464,6996950.67966,225,47926,54276,2210,267.11713103970413
169015-2018,8/2/2018 0:00:00,2531853.07019328,6997106.35355918,213,47926,54276,2210,267.11713103970413
169059-2018,8/2/2018 0:00:00,2531853.07019328,6997106.35355918,213,47926,54276,2210,267.11713103970413
191300-2018,8/29/2018 0:00:00,2531656.98561169,6997010.94889435,240,47838,54276,2210,257.02272201507685
005488-2019,8/1/2018 0:00:00,2532184.11382252,6997553.544593928,212,48082,54276,2210,546.0273631135507
203956-2018,9/14/2018 0:00:00,2531750.48378427,6996929.98580168,256,47926,54276,2210,267.11713103970413
200904-2018,9/10/2018 0:00:00,2531750.48378427,6996929.98580168,252,47926,54276,2210,267.11713103970413
201659-2018,9/11/2018 0:00:00,2531853.06987,6997106.35356,253,47926,54276,2210,267.11713103970413
195499-2018,9/3/2018 0:00:00,2531853.07019328,6997106.35355918,245,47926,54276,2210,267.11713103970413
212258-2018,9/24/2018 0:00:00,2531853.07019328,6997106.35355918,266,47926,54276,2210,267.11713103970413
217787-2018,10/2/2018 0:00:00,2531656.98561169,6997010.94889435,274,47838,54276,2210,257.02272201507685
224750-2018,10/12/2018 0:00:00,2531853.07019328,6997106.35355918,284,47926,54276,2210,267.11713103970413
233397-2018,10/25/2018 0:00:00,2531853.07019328,6997106.35355918,297,47926,54276,2210,267.11713103970413
230984-2018,10/21/2018 0:00:00,2531305.23565903,6996733.47175902,293,47677,54276,2210,542.9158332179737
233003-2018,10/24/2018 0:00:00,2531531.82313237,6997427.53828427,296,48002,54276,2210,563.8519736669264
243187-2018,11/8/2018 0:00:00,2531750.48378427,6996929.98580168,311,47926,54276,2210,267.11713103970413
247981-2018,11/16/2018 0:00:00,2531656.971504109,6996873.08204411,319,47722,54276,2210,533.9478599486082
253153-2018,11/24/2018 0:00:00,2531531.82313237,6997427.53828427,327,48002,54276,2210,563.8519736669264
244023-2018,11/10/2018 0:00:00,2531732.8968772,6997945.35614628,313,48225,54276,2210,567.5822498299407
265274-2018,12/11/2018 0:00:00,2531750.43850878,6996945.43983902,344,47926,54276,2210,267.11713103970413
270723-2018,12/19/2018 0:00:00,2531656.98561169,6997010.94889435,352,47838,54276,2210,257.02272201507685
236964-2018,10/29/2018 0:00:00,2532236.26135603,6998051.42122285,301,48298,54276,2210,562.961133567652
258274-2018,11/30/2018 0:00:00,2531786.77406603,6998193.24344577,333,48358,54276,2210,540.2183211993281
241342-2018,11/6/2018 0:00:00,2532046.28667036,6998195.7821546,309,48362,54276,2210,544.6049267683517
006162-2019,1/10/2019 0:00:00,2531750.48378427,6996929.98580168,374,47926,54276,2210,267.11713103970413
011069-2019,1/16/2019 0:00:00,2531853.07019328,6997106.35355918,380,47926,54276,2210,267.11713103970413
011076-2019,1/15/2019 0:00:00,2531853.07019328,6997106.35355918,379,47926,54276,2210,267.11713103970413
277550-2018,12/28/2018 0:00:00,2531853.07019328,6997106.35355918,361,47926,54276,2210,267.11713103970413
241965-2018,11/6/2018 0:00:00,2532731.89127028,6997915.25548469,309,48295,54276,2210,551.1958425082277
229322-2018,10/18/2018 0:00:00,2532100.2780322,6998655.3265111,290,48660,54276,2210,565.9025787298343
012786-2019,1/19/2019 0:00:00,2531853.07,6997106.35348,383,47926,54276,2210,267.11713103970413
233466-2018,10/24/2018 0:00:00,2532405.9880507,6998936.50508261,296,48748,54276,2210,551.2284159008512
031134-2019,2/15/2019 0:00:00,2531853.07019328,6997106.35355918,410,47926,54276,2210,267.11713103970413
035919-2019,2/21/2019 0:00:00,2531656.95247528,6996740.82574694,416,47722,54276,2210,533.9478599486082
023722-2019,2/2/2019 0:00:00,2531855.64433511,6996182.70481594,397,47501,54276,2210,253.32521557406017
039039-2019,2/26/2019 0:00:00,2531667.14203,6997010.32523,421,47838,54276,2210,257.02272201507685
038025-2019,2/24/2019 0:00:00,2531590.63699111,6997011.02369735,419,47838,54276,2210,257.02272201507685
037042-2019,2/23/2019 0:00:00,2531656.98561169,6997010.94889435,418,47838,54276,2210,257.02272201507685
236250-2018,10/29/2018 0:00:00,2532705.54158545,6999341.82284153,301,48912,54276,2210,554.3774671381606
245304-2018,11/11/2018 0:00:00,2532224.1987161,6999340.33596785,314,48908,54276,2210,543.2934753613813
045125-2019,3/6/2019 0:00:00,2531656.98561169,6997010.94889435,429,47838,54276,2210,257.02272201507685
008808-2019,1/13/2019 0:00:00,2531982.90457928,6995732.67257951,377,47304,54276,2210,546.0820178851394
019775-2019,1/28/2019 0:00:00,2532169.981304849,6996016.27437451,392,47344,54276,2210,536.3824838271696
245745-2018,11/5/2018 0:00:00,2532826.84875752,6999839.32512735,308,49187,54276,2210,281.21419423225734
253333-2018,11/24/2018 0:00:00,2531998.07055944,6999504.69521919,327,49000,54276,2210,554.1635651096136
064707-2019,4/2/2019 0:00:00,2531853.07019328,6997106.35355918,456,47926,54276,2210,267.11713103970413
065784-2019,4/3/2019 0:00:00,2531742.58911502,6996716.1729091,457,47638,54276,2210,535.5552140266811
249809-2018,11/17/2018 0:00:00,2532946.31078894,6999342.47277461,320,48912,54276,2210,554.3774671381606
055087-2019,3/18/2019 0:00:00,2531992.12437712,6996293.20197026,441,47528,54276,2210,545.2201501363529
246752-2018,11/13/2018 0:00:00,2533368.44216253,6999212.53044918,316,48909,54276,2210,557.7707561074075
074345-2019,4/14/2019 0:00:00,2531992.5443237694,6995829.95945844,468,47304,54276,2210,546.0820178851394
064678-2019,4/2/2019 0:00:00,2531983.54862,6995545.85555,456,47189,54276,2210,546.920407940027
086849-2019,5/1/2019 0:00:00,2531855.64433511,6996182.70481594,485,47501,54276,2210,253.32521557406017
064926-2019,4/2/2019 0:00:00,2531993.369781449,6995107.63938077,456,46915,54276,2210,245.5467300910476
246348-2019,11/28/2019 0:00:00,2532964.32682903,6997583.1849546,696,48225,54294,2210,567.5822498299407
207551-2019,10/11/2019 0:00:00,2532855.4786215294,6996845.22120744,648,47771,54294,2210,537.8033056284253
189278-2019,9/17/2019 0:00:00,2532370.0790017694,6996845.34325443,624,47747,54294,2210,541.6142391210126
202848-2019,10/4/2019 0:00:00,2533079.1067832,6996613.22593652,641,47652,54294,2210,544.771093019237
199169-2019,9/29/2019 0:00:00,2533219.15210678,6996775.94280268,636,47697,54294,2210,543.1112890575997
217006-2019,10/26/2019 0:00:00,2532830.60859,6997271.78138,663,47973,54294,2210,557.2051705770044
207518-2019,10/11/2019 0:00:00,2533315.37238678,6996840.62213527,648,47758,54294,2210,545.7575550892595
193834-2019,9/22/2019 0:00:00,2531946.87774844,6996642.7573735295,629,47643,54294,2210,543.2756062854093
205975-2019,10/9/2019 0:00:00,2532029.69779278,6996644.16944419,646,47643,54294,2210,543.2756062854093
214169-2019,10/21/2019 0:00:00,2533540.7282352694,6996845.76746619,658,47758,54294,2210,545.7575550892595
182960-2019,9/8/2019 0:00:00,2533067.732462109,6997274.04744951,615,47973,54294,2210,557.2051705770044
805363-2019,11/6/2019 0:00:00,2533191.650849449,6996333.07787476,674,47539,54294,2210,546.6705760361447
210479-2019,10/16/2019 0:00:00,2531740.26515,6996950.68023,653,47926,54294,2210,267.11713103970413
174536-2019,8/27/2019 0:00:00,2531853.07019328,6997106.35355918,603,47926,54294,2210,267.11713103970413
194912-2019,9/25/2019 0:00:00,2531656.98561169,6997010.94889435,632,47838,54294,2210,257.02272201507685
228128-2019,11/5/2019 0:00:00,2531853.07019328,6997106.35355918,673,47926,54294,2210,267.11713103970413
220065-2019,10/30/2019 0:00:00,2531853.07019328,6997106.35355918,667,47926,54294,2210,267.11713103970413
180117-2019,9/3/2019 0:00:00,2533228.12485786,6997445.38864227,610,48014,54294,2210,547.5029081396892
162814-2019,8/12/2019 0:00:00,2533056.25741944,6996992.86461294,588,47815,54294,2210,549.1416965624177
229581-2019,11/13/2019 0:00:00,2533308.60173103,6996245.87496519,681,47507,54294,2210,549.4950283467721
250182-2019,11/28/2019 0:00:00,2533157.13320194,6996542.23657718,696,47588,54294,2210,534.1091859346449
192535-2019,9/22/2019 0:00:00,2531336.38323453,6997424.22004944,629,48002,54294,2210,563.8519736669264
234633-2019,11/21/2019 0:00:00,2531656.98561169,6997010.94889435,689,47838,54294,2210,257.02272201507685
229044-2019,11/12/2019 0:00:00,2533743.71011278,6996221.1738991,680,47441,54294,2210,536.1811711159534
240531-2019,11/29/2019 0:00:00,2533801.29759602,6996045.59911902,697,47313,54294,2210,539.3144454396855
245624-2019,12/6/2019 0:00:00,2532855.4786215294,6996845.22120744,704,47771,54294,2210,537.8033056284253
803827-2019,10/3/2019 0:00:00,2531296.06048052,6997565.3050691,640,48075,54294,2210,545.4081821271909
185744-2019,9/12/2019 0:00:00,2531057.5950782,6997210.67552902,619,47919,54294,2210,556.6580965413793
227009-2019,11/9/2019 0:00:00,2531236.48514035,6997299.576269849,677,47919,54294,2210,556.6580965413793
230178-2019,11/14/2019 0:00:00,2531750.48378427,6996929.98580168,682,47926,54294,2210,267.11713103970413
248380-2019,12/11/2019 0:00:00,2531667.14242,6997010.32586,709,47838,54294,2210,257.02272201507685
157336-2019,8/3/2019 0:00:00,2533176.25357053,6996993.836723849,579,47815,54294,2210,549.1416965624177
172903-2019,8/25/2019 0:00:00,2530725.43530944,6997413.84900719,601,48002,54294,2210,563.8519736669264
201085-2019,10/2/2019 0:00:00,2530626.96995519,6997553.35725835,639,48068,54294,2210,549.937482708403
010709-2020,1/15/2020 0:00:00,2533177.19845052,6996110.50712569,744,47507,54294,2210,549.4950283467721
008898-2020,1/13/2020 0:00:00,2532913.29385,6995842.02387,742,47507,54294,2210,549.4950283467721
010999-2020,1/10/2020 0:00:00,2532725.74167627,6996846.17757036,739,47747,54294,2210,541.6142391210126
214628-2019,10/22/2019 0:00:00,2530380.75817728,6997724.22502685,659,48151,54294,2210,564.2280956935571
803574-2019,9/26/2019 0:00:00,2530193.4586831,6998175.85634144,633,48357,54294,2210,563.50147607341
200401-2019,9/30/2019 0:00:00,2529839.6267136,6998494.42460194,637,48655,54294,2210,546.338902122323
183452-2019,9/9/2019 0:00:00,2529353.5492737,6998661.6237426,616,48566,54294,2210,545.7693709570474
174672-2019,8/27/2019 0:00:00,2529625.94702286,6998663.53384377,603,48567,54294,2210,540.2512694951207
